{
  "lens_center_x": -0.036302246153354645,
  "lens_center_y": 0.024007264524698257,
  "lens_theta_E": 1.213606357574463,
  "lens_e1": 0.16694608330726624,
  "lens_e2": 0.04524129629135132,
  "lens_gamma": 1.8348019123077393,
  "lens_gamma1": 0.1296495795249939,
  "lens_gamma2": 0.06597030162811279,
  "light_amp_L": 50.58680725097656,
  "light_Re_L": 1.0124720335006714,
  "light_n_L": 3.1409525871276855,
  "light_e1_L": 0.03535336256027222,
  "light_e2_L": -0.16850855946540833,
  "light_amp_S": 9.404234886169434,
  "light_Re_S": 0.531196117401123,
  "light_n_S": 2.386341094970703,
  "light_e1_S": -0.2648559808731079,
  "light_e2_S": 0.052039921283721924,
  "src_center_x": -0.031152669340372086,
  "src_center_y": 0.0418882817029953,
  "x_image": [
    -1.156150460243225,
    1.0535939931869507,
    -0.7594045400619507,
    0.5273802876472473
  ],
  "y_image": [
    -0.55364990234375,
    0.7140701413154602,
    0.9490136504173279,
    -1.0014797449111938
  ],
  "ps_amp": [
    241.96783447265625,
    211.20787048339844,
    187.3529052734375,
    171.3031005859375
  ]
}