{
  "lens_center_x": -0.0364287793636322,
  "lens_center_y": 0.02111080475151539,
  "lens_theta_E": 1.2192801237106323,
  "lens_e1": -0.16485758125782013,
  "lens_e2": -0.37465742230415344,
  "lens_gamma": 2.770233631134033,
  "lens_gamma1": 0.02025902271270752,
  "lens_gamma2": 0.018435746431350708,
  "light_amp_L": 68.78014373779297,
  "light_Re_L": 0.8714796900749207,
  "light_n_L": 2.810336112976074,
  "light_e1_L": 0.02156275510787964,
  "light_e2_L": -0.19270402193069458,
  "light_amp_S": 7.8855109214782715,
  "light_Re_S": 1.0937652587890625,
  "light_n_S": 3.2037367820739746,
  "light_e1_S": -0.0028789639472961426,
  "light_e2_S": 0.14024227857589722,
  "src_center_x": -0.030745090916752815,
  "src_center_y": 0.04185144603252411,
  "x_image": [
    -1.1612565517425537,
    1.058911919593811,
    -0.7584403157234192,
    0.5245851278305054
  ],
  "y_image": [
    -0.5621240735054016,
    0.7238626480102539,
    0.9406700730323792,
    -0.9923014044761658
  ],
  "ps_amp": [
    232.6368408203125,
    201.44679260253906,
    183.16567993164062,
    166.26463317871094
  ]
}