{
  "lens_center_x": 0.0002612066746223718,
  "lens_center_y": -0.011225012131035328,
  "lens_theta_E": 1.2319447994232178,
  "lens_e1": -0.3292061686515808,
  "lens_e2": 0.39852192997932434,
  "lens_gamma": 2.2276341915130615,
  "lens_gamma1": -0.14977097511291504,
  "lens_gamma2": 0.22421222925186157,
  "light_amp_L": 88.99253845214844,
  "light_Re_L": 0.946016788482666,
  "light_n_L": 2.606034517288208,
  "light_e1_L": -0.03971165418624878,
  "light_e2_L": -0.4066601097583771,
  "light_amp_S": 17.610254287719727,
  "light_Re_S": 1.1587988138198853,
  "light_n_S": 4.354038715362549,
  "light_e1_S": 0.4682949185371399,
  "light_e2_S": -0.5279643535614014,
  "src_center_x": -0.15443839132785797,
  "src_center_y": 0.15475022792816162,
  "x_image": [
    -1.1633583307266235,
    1.049580454826355,
    -0.7422404885292053,
    0.5662938356399536
  ],
  "y_image": [
    -0.5683374404907227,
    0.7087968587875366,
    0.962001383304596,
    -1.0399307012557983
  ],
  "ps_amp": [
    273.1293029785156,
    221.60934448242188,
    25.04213523864746,
    111.97114562988281
  ]
}