{
  "lens_center_x": 1.1574922800064087,
  "lens_center_y": -0.28835663199424744,
  "lens_theta_E": 2.199589729309082,
  "lens_e1": -0.2877204418182373,
  "lens_e2": 0.38435426354408264,
  "lens_gamma": 1.2399770021438599,
  "lens_gamma1": -0.050150513648986816,
  "lens_gamma2": 0.280559778213501,
  "light_amp_L": 4.11280632019043,
  "light_Re_L": 2.218719720840454,
  "light_n_L": 4.244962692260742,
  "light_e1_L": -0.2970878481864929,
  "light_e2_L": -0.15591344237327576,
  "light_amp_S": 5.131263732910156,
  "light_Re_S": 1.066140055656433,
  "light_n_S": 4.229321479797363,
  "light_e1_S": -0.4771721363067627,
  "light_e2_S": -0.13620984554290771,
  "src_center_x": 1.714883804321289,
  "src_center_y": -0.671873927116394,
  "x_image": [
    -1.1602654457092285,
    1.0577834844589233,
    -0.758485734462738,
    0.5258437991142273
  ],
  "y_image": [
    -0.5525137186050415,
    0.713034451007843,
    0.9393112063407898,
    -0.9939166307449341
  ],
  "ps_amp": [
    272.4622497558594,
    242.14120483398438,
    230.42318725585938,
    210.97987365722656
  ]
}