{
  "lens_center_x": -0.03786817938089371,
  "lens_center_y": 0.0222611166536808,
  "lens_theta_E": 1.2152721881866455,
  "lens_e1": 0.0315738320350647,
  "lens_e2": -0.17351973056793213,
  "lens_gamma": 2.3587050437927246,
  "lens_gamma1": 0.05773806571960449,
  "lens_gamma2": 0.004576176404953003,
  "light_amp_L": 66.03746795654297,
  "light_Re_L": 0.8885948657989502,
  "light_n_L": 2.7893142700195312,
  "light_e1_L": 0.04072844982147217,
  "light_e2_L": -0.18039801716804504,
  "light_amp_S": 6.444640159606934,
  "light_Re_S": 1.0311312675476074,
  "light_n_S": 4.029769420623779,
  "light_e1_S": -0.16117703914642334,
  "light_e2_S": 0.1592254638671875,
  "src_center_x": -0.029732616618275642,
  "src_center_y": 0.04122311621904373,
  "x_image": [
    -1.1599537134170532,
    1.057814598083496,
    -0.7578208446502686,
    0.5239613652229309
  ],
  "y_image": [
    -0.557997465133667,
    0.7223925590515137,
    0.9440699815750122,
    -0.9978734254837036
  ],
  "ps_amp": [
    227.78787231445312,
    197.32733154296875,
    176.03895568847656,
    160.40977478027344
  ]
}