{
  "lens_center_x": -0.035767149180173874,
  "lens_center_y": 0.024443652480840683,
  "lens_theta_E": 1.1488374471664429,
  "lens_e1": 0.35517576336860657,
  "lens_e2": 0.28878048062324524,
  "lens_gamma": 2.7128024101257324,
  "lens_gamma1": 0.11947330832481384,
  "lens_gamma2": 0.1011262834072113,
  "light_amp_L": 41.96443176269531,
  "light_Re_L": 0.9568381905555725,
  "light_n_L": 4.729795455932617,
  "light_e1_L": 0.09551531076431274,
  "light_e2_L": -0.14160358905792236,
  "light_amp_S": 12.69369888305664,
  "light_Re_S": 1.191523790359497,
  "light_n_S": 1.731016993522644,
  "light_e1_S": -0.23333895206451416,
  "light_e2_S": -0.1589120626449585,
  "src_center_x": -0.020019883289933205,
  "src_center_y": 0.07373008131980896,
  "x_image": [
    -1.1596152782440186,
    1.0544925928115845,
    -0.7610911726951599,
    0.5288930535316467
  ],
  "y_image": [
    -0.5626723766326904,
    0.7237160801887512,
    0.9467007517814636,
    -0.9978938102722168
  ],
  "ps_amp": [
    249.41455078125,
    214.47274780273438,
    190.58425903320312,
    178.34078979492188
  ]
}