{
  "lens_center_x": -0.03294209763407707,
  "lens_center_y": 0.016265589743852615,
  "lens_theta_E": 2.084296464920044,
  "lens_e1": 0.09464254975318909,
  "lens_e2": -0.17034177482128143,
  "lens_gamma": 1.649848461151123,
  "lens_gamma1": 0.15332499146461487,
  "lens_gamma2": -0.2565859258174896,
  "light_amp_L": 70.93750762939453,
  "light_Re_L": 1.057671308517456,
  "light_n_L": 1.4920058250427246,
  "light_e1_L": 0.016996383666992188,
  "light_e2_L": -0.07532548904418945,
  "light_amp_S": 0.059644799679517746,
  "light_Re_S": 1.1972036361694336,
  "light_n_S": 3.7365894317626953,
  "light_e1_S": 0.1426979899406433,
  "light_e2_S": 0.14608895778656006,
  "src_center_x": 0.8846720457077026,
  "src_center_y": -0.3301660418510437,
  "x_image": [
    -1.1601572036743164,
    1.0565927028656006,
    -0.7591368556022644,
    0.5263167023658752
  ],
  "y_image": [
    -0.5540736317634583,
    0.7152928709983826,
    0.9436851143836975,
    -0.9959014654159546
  ],
  "ps_amp": [
    268.85211181640625,
    236.62664794921875,
    210.95614624023438,
    192.3330078125
  ]
}