{
  "lens_center_x": -0.03723611310124397,
  "lens_center_y": 0.02368452027440071,
  "lens_theta_E": 1.2228870391845703,
  "lens_e1": 0.09215989708900452,
  "lens_e2": 0.037578284740448,
  "lens_gamma": 1.457887887954712,
  "lens_gamma1": 0.08563217520713806,
  "lens_gamma2": 0.04804641008377075,
  "light_amp_L": 60.314247131347656,
  "light_Re_L": 0.9295098781585693,
  "light_n_L": 2.9047751426696777,
  "light_e1_L": 0.04129064083099365,
  "light_e2_L": -0.18959689140319824,
  "light_amp_S": 1.8713473081588745,
  "light_Re_S": 0.7852044105529785,
  "light_n_S": 4.114019393920898,
  "light_e1_S": -0.19344568252563477,
  "light_e2_S": 0.12168961763381958,
  "src_center_x": -0.03441312164068222,
  "src_center_y": 0.032607946544885635,
  "x_image": [
    -1.1559957265853882,
    1.0548869371414185,
    -0.759208083152771,
    0.5269075036048889
  ],
  "y_image": [
    -0.5541033744812012,
    0.7141618728637695,
    0.9471920728683472,
    -0.9997826814651489
  ],
  "ps_amp": [
    239.32701110839844,
    208.53302001953125,
    185.96603393554688,
    169.76483154296875
  ]
}