{
  "lens_center_x": -0.09586407989263535,
  "lens_center_y": 0.0780450627207756,
  "lens_theta_E": 0.5561314821243286,
  "lens_e1": 0.259384423494339,
  "lens_e2": 0.32979467511177063,
  "lens_gamma": 1.3799296617507935,
  "lens_gamma1": 0.07737836241722107,
  "lens_gamma2": -0.06591404974460602,
  "light_amp_L": 8.217623710632324,
  "light_Re_L": 2.27315092086792,
  "light_n_L": 4.295693874359131,
  "light_e1_L": -0.09206658601760864,
  "light_e2_L": -0.22519207000732422,
  "light_amp_S": 14.82292652130127,
  "light_Re_S": 1.0030351877212524,
  "light_n_S": 4.389647483825684,
  "light_e1_S": 0.19792062044143677,
  "light_e2_S": 0.5545088648796082,
  "src_center_x": -0.10335935652256012,
  "src_center_y": 0.0565301887691021,
  "x_image": [
    -1.1585395336151123,
    1.051293969154358,
    -0.0530114471912384,
    0.5222713351249695
  ],
  "y_image": [
    -0.5668411254882812,
    0.7259839177131653,
    -0.050740230828523636,
    -1.0375276803970337
  ],
  "ps_amp": [
    256.791015625,
    228.86715698242188,
    8.822874069213867,
    144.15052795410156
  ]
}