{
  "lens_center_x": 0.18529102206230164,
  "lens_center_y": 0.14915333688259125,
  "lens_theta_E": 0.9813569188117981,
  "lens_e1": -0.22861890494823456,
  "lens_e2": -0.28478217124938965,
  "lens_gamma": 1.584769606590271,
  "lens_gamma1": -0.022078394889831543,
  "lens_gamma2": -0.15480937063694,
  "light_amp_L": 19.381166458129883,
  "light_Re_L": 2.4100794792175293,
  "light_n_L": 5.420887470245361,
  "light_e1_L": -0.12902894616127014,
  "light_e2_L": -0.2763282358646393,
  "light_amp_S": 0.2682037949562073,
  "light_Re_S": 0.6932769417762756,
  "light_n_S": 0.9517667889595032,
  "light_e1_S": 0.7588376402854919,
  "light_e2_S": -0.7171715497970581,
  "src_center_x": -0.07632462680339813,
  "src_center_y": -1.2741092443466187,
  "x_image": [
    -1.1444804668426514,
    1.0784955024719238,
    -0.7565495371818542,
    0.5155912041664124
  ],
  "y_image": [
    -0.5493382215499878,
    0.7183734178543091,
    0.9132062792778015,
    -0.9841763973236084
  ],
  "ps_amp": [
    69.70105743408203,
    29.836021423339844,
    13.614913940429688,
    92.30618286132812
  ]
}