{
  "lens_center_x": -0.033402733504772186,
  "lens_center_y": 0.016474703326821327,
  "lens_theta_E": 0.6241620779037476,
  "lens_e1": -0.04910537600517273,
  "lens_e2": -0.19888317584991455,
  "lens_gamma": 1.2633864879608154,
  "lens_gamma1": -0.06301625072956085,
  "lens_gamma2": -0.201905757188797,
  "light_amp_L": 70.67486572265625,
  "light_Re_L": 1.0615999698638916,
  "light_n_L": 1.4965049028396606,
  "light_e1_L": 0.01753699779510498,
  "light_e2_L": -0.0760999321937561,
  "light_amp_S": 0.028311580419540405,
  "light_Re_S": 1.1452082395553589,
  "light_n_S": 4.421899795532227,
  "light_e1_S": -0.005368590354919434,
  "light_e2_S": -0.05673760175704956,
  "src_center_x": 1.5448176860809326,
  "src_center_y": -2.763984441757202,
  "x_image": [
    -1.1601556539535522,
    1.0565675497055054,
    -0.759154200553894,
    0.5262807607650757
  ],
  "y_image": [
    -0.5540827512741089,
    0.7152881026268005,
    0.9436666369438171,
    -0.9958957433700562
  ],
  "ps_amp": [
    268.85931396484375,
    236.67044067382812,
    210.95301818847656,
    192.21849060058594
  ]
}