{
  "lens_center_x": -0.03353276476264,
  "lens_center_y": 0.016547294333577156,
  "lens_theta_E": 0.3174271881580353,
  "lens_e1": -0.2306341826915741,
  "lens_e2": -0.2311311662197113,
  "lens_gamma": 2.6623175144195557,
  "lens_gamma1": -0.05686566233634949,
  "lens_gamma2": -0.0643671303987503,
  "light_amp_L": 71.197021484375,
  "light_Re_L": 1.0619416236877441,
  "light_n_L": 1.481176495552063,
  "light_e1_L": 0.020823299884796143,
  "light_e2_L": -0.07707083225250244,
  "light_amp_S": 0.0398084819316864,
  "light_Re_S": 1.1948128938674927,
  "light_n_S": 4.340671539306641,
  "light_e1_S": 0.15551596879959106,
  "light_e2_S": 0.5161368250846863,
  "src_center_x": -0.2634504437446594,
  "src_center_y": 0.48742440342903137,
  "x_image": [
    -1.159355878829956,
    1.055869698524475,
    -0.7591552734375,
    0.5262261033058167
  ],
  "y_image": [
    -0.5652107000350952,
    0.7265040874481201,
    0.9438068270683289,
    -0.9959741234779358
  ],
  "ps_amp": [
    268.2530822753906,
    236.29527282714844,
    210.7663116455078,
    192.1222686767578
  ]
}