{
  "lens_center_x": -0.0007366572972387075,
  "lens_center_y": -0.0006032705423422158,
  "lens_theta_E": 1.3019518852233887,
  "lens_e1": -0.04913514852523804,
  "lens_e2": 0.3274436891078949,
  "lens_gamma": 2.586608409881592,
  "lens_gamma1": -0.07515974342823029,
  "lens_gamma2": -0.14548872411251068,
  "light_amp_L": 27.188232421875,
  "light_Re_L": 2.2259106636047363,
  "light_n_L": 3.9992620944976807,
  "light_e1_L": 0.01641249656677246,
  "light_e2_L": 0.592204213142395,
  "light_amp_S": 0.782946765422821,
  "light_Re_S": 0.05787458270788193,
  "light_n_S": 1.5467736721038818,
  "light_e1_S": -0.7074236869812012,
  "light_e2_S": -0.011955618858337402,
  "src_center_x": 0.09900479763746262,
  "src_center_y": -0.8040484189987183,
  "x_image": [
    -1.1621413230895996,
    1.058222770690918,
    -0.7547497749328613,
    0.5262888669967651
  ],
  "y_image": [
    -0.540182888507843,
    0.7054829597473145,
    0.9341877698898315,
    -0.9879621863365173
  ],
  "ps_amp": [
    275.140380859375,
    233.73341369628906,
    266.4315490722656,
    241.21316528320312
  ]
}