{
  "lens_center_x": -0.04628833755850792,
  "lens_center_y": 0.023400025442242622,
  "lens_theta_E": 1.21505606174469,
  "lens_e1": 0.21075370907783508,
  "lens_e2": 0.11576035618782043,
  "lens_gamma": 2.4817442893981934,
  "lens_gamma1": 0.0803307592868805,
  "lens_gamma2": 0.05526626110076904,
  "light_amp_L": 68.7201156616211,
  "light_Re_L": 0.8921809792518616,
  "light_n_L": 2.6514124870300293,
  "light_e1_L": 0.021435558795928955,
  "light_e2_L": -0.19057342410087585,
  "light_amp_S": 5.234355926513672,
  "light_Re_S": 1.0769377946853638,
  "light_n_S": 3.0883421897888184,
  "light_e1_S": -0.08570420742034912,
  "light_e2_S": 0.09329098463058472,
  "src_center_x": 0.010063557885587215,
  "src_center_y": 0.06820100545883179,
  "x_image": [
    -1.1612955331802368,
    1.0542069673538208,
    -0.758414626121521,
    0.5261205434799194
  ],
  "y_image": [
    -0.5630351305007935,
    0.715290904045105,
    0.9447177648544312,
    -0.9955333471298218
  ],
  "ps_amp": [
    242.13392639160156,
    208.25071716308594,
    194.47520446777344,
    176.11904907226562
  ]
}