{
  "lens_center_x": -0.03345198556780815,
  "lens_center_y": 0.016501255333423615,
  "lens_theta_E": 1.4113764762878418,
  "lens_e1": 0.046420514583587646,
  "lens_e2": -0.39429011940956116,
  "lens_gamma": 1.7691502571105957,
  "lens_gamma1": -0.2244119644165039,
  "lens_gamma2": -0.11533570289611816,
  "light_amp_L": 70.64396667480469,
  "light_Re_L": 1.0616122484207153,
  "light_n_L": 1.4975318908691406,
  "light_e1_L": 0.017604708671569824,
  "light_e2_L": -0.0761103630065918,
  "light_amp_S": 0.018948841840028763,
  "light_Re_S": 0.8839998841285706,
  "light_n_S": 1.301659107208252,
  "light_e1_S": 0.05275297164916992,
  "light_e2_S": -0.5549876689910889,
  "src_center_x": 0.05166911333799362,
  "src_center_y": -0.03666505217552185,
  "x_image": [
    -1.1601511240005493,
    1.0565623044967651,
    -0.7591472268104553,
    0.5262787938117981
  ],
  "y_image": [
    -0.5540782809257507,
    0.715282142162323,
    0.9436722993850708,
    -0.9958952069282532
  ],
  "ps_amp": [
    268.814453125,
    236.6537322998047,
    210.93470764160156,
    192.2484588623047
  ]
}