{
  "lens_center_x": -0.036389295011758804,
  "lens_center_y": 0.022618507966399193,
  "lens_theta_E": 1.22648024559021,
  "lens_e1": 0.0459597110748291,
  "lens_e2": -0.03227320313453674,
  "lens_gamma": 1.524093747138977,
  "lens_gamma1": 0.050478965044021606,
  "lens_gamma2": 0.0015154480934143066,
  "light_amp_L": 55.4135627746582,
  "light_Re_L": 0.9624868631362915,
  "light_n_L": 3.0593700408935547,
  "light_e1_L": 0.031649231910705566,
  "light_e2_L": -0.18621554970741272,
  "light_amp_S": 3.2938547134399414,
  "light_Re_S": 0.6118606925010681,
  "light_n_S": 4.131912708282471,
  "light_e1_S": -0.1306270956993103,
  "light_e2_S": 0.15823107957839966,
  "src_center_x": -0.03319988772273064,
  "src_center_y": 0.030907219275832176,
  "x_image": [
    -1.157075047492981,
    1.0556200742721558,
    -0.7581228613853455,
    0.5253191590309143
  ],
  "y_image": [
    -0.5546938180923462,
    0.7146283984184265,
    0.9460168480873108,
    -0.9988645911216736
  ],
  "ps_amp": [
    233.81243896484375,
    203.40476989746094,
    179.37307739257812,
    163.76025390625
  ]
}