{
  "lens_center_x": -0.03725544363260269,
  "lens_center_y": 0.025638006627559662,
  "lens_theta_E": 0.3046157956123352,
  "lens_e1": -0.04762968420982361,
  "lens_e2": 0.03464880585670471,
  "lens_gamma": 1.2735843658447266,
  "lens_gamma1": -0.19735682010650635,
  "lens_gamma2": 0.2869725823402405,
  "light_amp_L": 21.227962493896484,
  "light_Re_L": 1.2183276414871216,
  "light_n_L": 5.153731346130371,
  "light_e1_L": -0.06894057989120483,
  "light_e2_L": 0.01821976900100708,
  "light_amp_S": 27.173553466796875,
  "light_Re_S": 1.171872615814209,
  "light_n_S": 1.335017442703247,
  "light_e1_S": 0.5062692761421204,
  "light_e2_S": -0.7694542407989502,
  "src_center_x": -0.04498481750488281,
  "src_center_y": 0.030866820365190506,
  "x_image": [
    -1.1629269123077393,
    1.0586774349212646,
    -0.759691059589386,
    0.5287871360778809
  ],
  "y_image": [
    -0.5534930229187012,
    0.7150778770446777,
    0.9429033994674683,
    -0.9952088594436646
  ],
  "ps_amp": [
    255.0217742919922,
    219.6434326171875,
    202.51846313476562,
    183.64370727539062
  ]
}