{
  "lens_center_x": -0.03265685960650444,
  "lens_center_y": 0.0319068469107151,
  "lens_theta_E": 1.1826379299163818,
  "lens_e1": -0.1403636336326599,
  "lens_e2": -0.02951502799987793,
  "lens_gamma": 1.260726809501648,
  "lens_gamma1": -0.12660561501979828,
  "lens_gamma2": -0.014403581619262695,
  "light_amp_L": 13.957450866699219,
  "light_Re_L": 2.145042657852173,
  "light_n_L": 4.672364711761475,
  "light_e1_L": -0.13606193661689758,
  "light_e2_L": -0.16638341546058655,
  "light_amp_S": 3.062164545059204,
  "light_Re_S": 0.7715120315551758,
  "light_n_S": 4.286499977111816,
  "light_e1_S": 0.5960182547569275,
  "light_e2_S": -0.5223392248153687,
  "src_center_x": -0.031383998692035675,
  "src_center_y": 0.027029380202293396,
  "x_image": [
    -1.1612595319747925,
    1.0600191354751587,
    -0.7653040289878845,
    0.5295007228851318
  ],
  "y_image": [
    -0.5658146739006042,
    0.7271879315376282,
    0.948778510093689,
    -0.9939157366752625
  ],
  "ps_amp": [
    255.16835021972656,
    217.3787841796875,
    175.98716735839844,
    173.33154296875
  ]
}