{
  "lens_center_x": -0.07927516102790833,
  "lens_center_y": 0.015575145371258259,
  "lens_theta_E": 1.028588056564331,
  "lens_e1": -0.3695439100265503,
  "lens_e2": -0.12248677015304565,
  "lens_gamma": 2.5913689136505127,
  "lens_gamma1": 0.10973945260047913,
  "lens_gamma2": 0.2837870121002197,
  "light_amp_L": 14.959346771240234,
  "light_Re_L": 2.044102907180786,
  "light_n_L": 5.066279888153076,
  "light_e1_L": -0.05741363763809204,
  "light_e2_L": -0.33423134684562683,
  "light_amp_S": 22.860340118408203,
  "light_Re_S": 1.058542013168335,
  "light_n_S": 3.6738390922546387,
  "light_e1_S": -0.05317389965057373,
  "light_e2_S": -0.32791969180107117,
  "src_center_x": -0.05886751785874367,
  "src_center_y": 0.08619587868452072,
  "x_image": [
    -1.2475727796554565,
    1.049899697303772,
    -0.7789791822433472,
    0.546542227268219
  ],
  "y_image": [
    0.05985841900110245,
    0.7165881991386414,
    0.9597388505935669,
    -1.0029584169387817
  ],
  "ps_amp": [
    11.566963195800781,
    165.19918823242188,
    170.09860229492188,
    159.76451110839844
  ]
}