{
  "lens_center_x": -0.033344872295856476,
  "lens_center_y": 0.016515739262104034,
  "lens_theta_E": 1.5633013248443604,
  "lens_e1": -0.027767270803451538,
  "lens_e2": 0.15895256400108337,
  "lens_gamma": 2.1370420455932617,
  "lens_gamma1": -0.1613159030675888,
  "lens_gamma2": 0.21478408575057983,
  "light_amp_L": 70.71198272705078,
  "light_Re_L": 1.061443567276001,
  "light_n_L": 1.4956061840057373,
  "light_e1_L": 0.017893075942993164,
  "light_e2_L": -0.07633483409881592,
  "light_amp_S": 0.015212592668831348,
  "light_Re_S": 1.0171542167663574,
  "light_n_S": 4.169689178466797,
  "light_e1_S": 0.060654520988464355,
  "light_e2_S": -0.1314978003501892,
  "src_center_x": 0.10132613033056259,
  "src_center_y": 0.9081345796585083,
  "x_image": [
    -1.1601744890213013,
    1.0565826892852783,
    -0.7591526508331299,
    0.5262872576713562
  ],
  "y_image": [
    -0.5540701746940613,
    0.7152885794639587,
    0.9436768293380737,
    -0.9959123730659485
  ],
  "ps_amp": [
    268.86199951171875,
    236.64256286621094,
    210.9639892578125,
    192.24818420410156
  ]
}