{
  "lens_center_x": -1.1266369819641113,
  "lens_center_y": -0.5040517449378967,
  "lens_theta_E": 2.1996448040008545,
  "lens_e1": 0.1021777093410492,
  "lens_e2": -0.007388889789581299,
  "lens_gamma": 1.9824166297912598,
  "lens_gamma1": 0.2945840358734131,
  "lens_gamma2": 0.2988407611846924,
  "light_amp_L": 5.857700824737549,
  "light_Re_L": 2.1995275020599365,
  "light_n_L": 4.2824788093566895,
  "light_e1_L": -0.2706189453601837,
  "light_e2_L": -0.2753777503967285,
  "light_amp_S": 71.45025634765625,
  "light_Re_S": 0.7249857783317566,
  "light_n_S": 1.6913894414901733,
  "light_e1_S": -0.07095956802368164,
  "light_e2_S": 0.021525025367736816,
  "src_center_x": -1.9134807586669922,
  "src_center_y": -1.0065876245498657,
  "x_image": [
    -1.3381925821304321,
    1.2968281507492065,
    -0.08813882619142532,
    -0.12197566777467728
  ],
  "y_image": [
    0.12128299474716187,
    0.06723862141370773,
    1.2442926168441772,
    -1.1912622451782227
  ],
  "ps_amp": [
    471.63739013671875,
    424.3327941894531,
    400.1608581542969,
    361.73626708984375
  ]
}