{
  "lens_center_x": -0.031476497650146484,
  "lens_center_y": 0.016737498342990875,
  "lens_theta_E": 1.2800854444503784,
  "lens_e1": -0.26586225628852844,
  "lens_e2": 0.043841034173965454,
  "lens_gamma": 1.310341715812683,
  "lens_gamma1": -0.2231701910495758,
  "lens_gamma2": 0.03960055112838745,
  "light_amp_L": 14.897590637207031,
  "light_Re_L": 2.124018669128418,
  "light_n_L": 4.673772811889648,
  "light_e1_L": -0.09168928861618042,
  "light_e2_L": -0.026924192905426025,
  "light_amp_S": 3.1235227584838867,
  "light_Re_S": 0.48669472336769104,
  "light_n_S": 4.3308000564575195,
  "light_e1_S": 0.304155170917511,
  "light_e2_S": 0.15192240476608276,
  "src_center_x": -0.032939787954092026,
  "src_center_y": 0.01926298625767231,
  "x_image": [
    -1.3483929634094238,
    1.3020139932632446,
    -0.08481071144342422,
    -0.11632782965898514
  ],
  "y_image": [
    0.11662447452545166,
    0.06630844622850418,
    1.2322192192077637,
    -1.1860408782958984
  ],
  "ps_amp": [
    434.752197265625,
    393.04034423828125,
    356.9883728027344,
    308.91851806640625
  ]
}