{
  "lens_center_x": -0.03249837085604668,
  "lens_center_y": 0.020643649622797966,
  "lens_theta_E": 1.557281732559204,
  "lens_e1": 0.062276989221572876,
  "lens_e2": 0.1652083694934845,
  "lens_gamma": 2.1403980255126953,
  "lens_gamma1": -0.18997180461883545,
  "lens_gamma2": 0.21530276536941528,
  "light_amp_L": 89.02611541748047,
  "light_Re_L": 1.029255747795105,
  "light_n_L": 1.492938756942749,
  "light_e1_L": 0.007970571517944336,
  "light_e2_L": 0.003411531448364258,
  "light_amp_S": 0.0254928357899189,
  "light_Re_S": 1.0191954374313354,
  "light_n_S": 4.172837257385254,
  "light_e1_S": -0.1362280249595642,
  "light_e2_S": 0.058860957622528076,
  "src_center_x": 0.06319300085306168,
  "src_center_y": -1.2929569482803345,
  "x_image": [
    -1.3401602506637573,
    1.296612024307251,
    -0.08873531222343445,
    -0.11938062310218811
  ],
  "y_image": [
    0.11757552623748779,
    0.06801527738571167,
    1.2430981397628784,
    -1.1946051120758057
  ],
  "ps_amp": [
    467.333984375,
    420.80279541015625,
    396.463134765625,
    351.54681396484375
  ]
}