{
  "lens_center_x": -0.032314639538526535,
  "lens_center_y": 0.02037513628602028,
  "lens_theta_E": 0.3186441659927368,
  "lens_e1": -0.2262732833623886,
  "lens_e2": -0.22846733033657074,
  "lens_gamma": 2.6415352821350098,
  "lens_gamma1": -0.06166832149028778,
  "lens_gamma2": -0.06783117353916168,
  "light_amp_L": 88.87164306640625,
  "light_Re_L": 1.0292631387710571,
  "light_n_L": 1.4937998056411743,
  "light_e1_L": 0.007126212120056152,
  "light_e2_L": 0.0035983920097351074,
  "light_amp_S": 0.06314964592456818,
  "light_Re_S": 1.1950498819351196,
  "light_n_S": 4.3539581298828125,
  "light_e1_S": 0.13803958892822266,
  "light_e2_S": 0.5072439312934875,
  "src_center_x": -0.13195593655109406,
  "src_center_y": 0.19838955998420715,
  "x_image": [
    -1.3401426076889038,
    1.2966221570968628,
    -0.08875692635774612,
    -0.1193816289305687
  ],
  "y_image": [
    0.11758555471897125,
    0.06800483912229538,
    1.2430846691131592,
    -1.1946158409118652
  ],
  "ps_amp": [
    467.3827819824219,
    420.82086181640625,
    396.4604797363281,
    351.5308837890625
  ]
}