{
  "lens_center_x": -0.03697030246257782,
  "lens_center_y": 0.022876473143696785,
  "lens_theta_E": 1.2684111595153809,
  "lens_e1": -0.16105730831623077,
  "lens_e2": 0.3041970431804657,
  "lens_gamma": 1.214152455329895,
  "lens_gamma1": -0.13551998138427734,
  "lens_gamma2": 0.2773118019104004,
  "light_amp_L": 43.241424560546875,
  "light_Re_L": 0.94905024766922,
  "light_n_L": 5.06444787979126,
  "light_e1_L": 0.036312878131866455,
  "light_e2_L": 0.07716864347457886,
  "light_amp_S": 1.8754380941390991,
  "light_Re_S": 1.173593282699585,
  "light_n_S": 4.036553382873535,
  "light_e1_S": 0.048727214336395264,
  "light_e2_S": -0.6247141361236572,
  "src_center_x": -0.05127919837832451,
  "src_center_y": 0.03475170210003853,
  "x_image": [
    -1.3457107543945312,
    1.3019639253616333,
    -0.09026360511779785,
    -0.11423549056053162
  ],
  "y_image": [
    0.11452431976795197,
    0.0715789720416069,
    1.2436429262161255,
    -1.1959998607635498
  ],
  "ps_amp": [
    440.58392333984375,
    395.3800354003906,
    377.76409912109375,
    332.915283203125
  ]
}