{
  "lens_center_x": -0.013948175124824047,
  "lens_center_y": 0.0030778557993471622,
  "lens_theta_E": 2.048374652862549,
  "lens_e1": 0.05122384428977966,
  "lens_e2": 0.11547228693962097,
  "lens_gamma": 1.759730577468872,
  "lens_gamma1": 0.1270655393600464,
  "lens_gamma2": -0.26374518871307373,
  "light_amp_L": 87.24002075195312,
  "light_Re_L": 1.0312107801437378,
  "light_n_L": 1.6211140155792236,
  "light_e1_L": 0.0018097162246704102,
  "light_e2_L": 0.04620867967605591,
  "light_amp_S": 1.2462979555130005,
  "light_Re_S": 1.197200059890747,
  "light_n_S": 4.27971887588501,
  "light_e1_S": -0.1570514440536499,
  "light_e2_S": -0.563840925693512,
  "src_center_x": 0.7300426959991455,
  "src_center_y": -0.6195945739746094,
  "x_image": [
    -1.340646505355835,
    1.2967315912246704,
    -0.07665444165468216,
    -0.1186031848192215
  ],
  "y_image": [
    0.11402849853038788,
    0.06728244572877884,
    1.2421058416366577,
    -1.1946234703063965
  ],
  "ps_amp": [
    459.2544250488281,
    423.92425537109375,
    394.0989685058594,
    354.39727783203125
  ]
}