{
  "lens_center_x": -0.032594945281744,
  "lens_center_y": 0.02078995853662491,
  "lens_theta_E": 0.983446478843689,
  "lens_e1": -0.22763220965862274,
  "lens_e2": -0.2740072011947632,
  "lens_gamma": 1.5797775983810425,
  "lens_gamma1": -0.041699886322021484,
  "lens_gamma2": -0.16594304144382477,
  "light_amp_L": 88.99810028076172,
  "light_Re_L": 1.0296597480773926,
  "light_n_L": 1.492480993270874,
  "light_e1_L": 0.0076961517333984375,
  "light_e2_L": 0.003743767738342285,
  "light_amp_S": 0.8551158905029297,
  "light_Re_S": 0.72681725025177,
  "light_n_S": 0.9558966755867004,
  "light_e1_S": 0.7566103339195251,
  "light_e2_S": -0.7221454977989197,
  "src_center_x": -0.17373302578926086,
  "src_center_y": -1.656757116317749,
  "x_image": [
    -1.340149164199829,
    1.2966043949127197,
    -0.0887412279844284,
    -0.11938256770372391
  ],
  "y_image": [
    0.11756820231676102,
    0.0680016353726387,
    1.243084192276001,
    -1.1946086883544922
  ],
  "ps_amp": [
    467.29498291015625,
    420.81585693359375,
    396.4703063964844,
    351.6457214355469
  ]
}