{
  "lens_center_x": -0.03192785754799843,
  "lens_center_y": 0.014586460776627064,
  "lens_theta_E": 1.27959406375885,
  "lens_e1": -0.3450402021408081,
  "lens_e2": -0.3634197413921356,
  "lens_gamma": 2.788571357727051,
  "lens_gamma1": -0.03623604774475098,
  "lens_gamma2": -0.04625481367111206,
  "light_amp_L": 80.85903930664062,
  "light_Re_L": 0.832415759563446,
  "light_n_L": 2.6066951751708984,
  "light_e1_L": -0.04188722372055054,
  "light_e2_L": -0.016115128993988037,
  "light_amp_S": 11.786388397216797,
  "light_Re_S": 1.137120246887207,
  "light_n_S": 2.1621079444885254,
  "light_e1_S": 0.2506045699119568,
  "light_e2_S": 0.09954756498336792,
  "src_center_x": -0.048905596137046814,
  "src_center_y": 0.04776861518621445,
  "x_image": [
    -1.3402822017669678,
    1.2984354496002197,
    -0.08563665300607681,
    -0.12030977010726929
  ],
  "y_image": [
    0.11667745560407639,
    0.06976038217544556,
    1.2369720935821533,
    -1.1897369623184204
  ],
  "ps_amp": [
    434.0957336425781,
    393.190673828125,
    372.6048278808594,
    332.9716491699219
  ]
}