{
  "lens_center_x": -0.03252236545085907,
  "lens_center_y": 0.020615316927433014,
  "lens_theta_E": 0.8768730759620667,
  "lens_e1": 0.14871791005134583,
  "lens_e2": 0.026867151260375977,
  "lens_gamma": 2.1743903160095215,
  "lens_gamma1": 0.007574856281280518,
  "lens_gamma2": 0.0014984309673309326,
  "light_amp_L": 89.09244537353516,
  "light_Re_L": 1.0292532444000244,
  "light_n_L": 1.4891037940979004,
  "light_e1_L": 0.007470130920410156,
  "light_e2_L": 0.003590524196624756,
  "light_amp_S": 0.08244238793849945,
  "light_Re_S": 0.5318909287452698,
  "light_n_S": 2.7710511684417725,
  "light_e1_S": -0.4161803424358368,
  "light_e2_S": -0.22664868831634521,
  "src_center_x": -1.3660575151443481,
  "src_center_y": -3.224583148956299,
  "x_image": [
    -1.340146541595459,
    1.2966222763061523,
    -0.08872228115797043,
    -0.1193745881319046
  ],
  "y_image": [
    0.11759257316589355,
    0.06801449507474899,
    1.2430906295776367,
    -1.1946167945861816
  ],
  "ps_amp": [
    467.2107849121094,
    420.6248779296875,
    396.2718505859375,
    351.52081298828125
  ]
}