{
  "lens_center_x": -0.03247782215476036,
  "lens_center_y": 0.019620761275291443,
  "lens_theta_E": 1.0594251155853271,
  "lens_e1": -0.34761807322502136,
  "lens_e2": -0.3466145694255829,
  "lens_gamma": 2.7750134468078613,
  "lens_gamma1": 0.0831572413444519,
  "lens_gamma2": 0.2828497886657715,
  "light_amp_L": 53.524017333984375,
  "light_Re_L": 1.0716313123703003,
  "light_n_L": 3.196617841720581,
  "light_e1_L": 0.024691760540008545,
  "light_e2_L": 0.07163679599761963,
  "light_amp_S": 70.73822021484375,
  "light_Re_S": 0.97093665599823,
  "light_n_S": 0.5162864327430725,
  "light_e1_S": -0.13427972793579102,
  "light_e2_S": -0.6350733637809753,
  "src_center_x": -0.06281664967536926,
  "src_center_y": 0.0749054029583931,
  "x_image": [
    -1.3380337953567505,
    1.2955694198608398,
    -0.08462294936180115,
    -0.1200668066740036
  ],
  "y_image": [
    0.11781817674636841,
    0.06925895810127258,
    1.2395482063293457,
    -1.1900660991668701
  ],
  "ps_amp": [
    442.5277099609375,
    399.4981384277344,
    373.703369140625,
    334.2239990234375
  ]
}