{
  "lens_center_x": -0.05475239455699921,
  "lens_center_y": 0.01950323022902012,
  "lens_theta_E": 0.7074166536331177,
  "lens_e1": -0.03733441233634949,
  "lens_e2": 0.22327545285224915,
  "lens_gamma": 1.5160696506500244,
  "lens_gamma1": 0.19167262315750122,
  "lens_gamma2": 0.11813962459564209,
  "light_amp_L": 21.482666015625,
  "light_Re_L": 2.2649688720703125,
  "light_n_L": 4.152591705322266,
  "light_e1_L": -0.2916390895843506,
  "light_e2_L": 0.06019347906112671,
  "light_amp_S": 7.941737651824951,
  "light_Re_S": 0.9593762755393982,
  "light_n_S": 4.376801490783691,
  "light_e1_S": -0.4494532346725464,
  "light_e2_S": -0.3617765009403229,
  "src_center_x": -0.00640669884160161,
  "src_center_y": 0.44113966822624207,
  "x_image": [
    -1.3402403593063354,
    1.292138695716858,
    0.04410133510828018,
    -0.11803638935089111
  ],
  "y_image": [
    0.11631301045417786,
    0.06283321976661682,
    0.074692003428936,
    -1.190291404724121
  ],
  "ps_amp": [
    501.0384826660156,
    412.527587890625,
    15.697514533996582,
    358.462158203125
  ]
}