{
  "lens_center_x": -0.03140541911125183,
  "lens_center_y": 0.01671440340578556,
  "lens_theta_E": 1.3088419437408447,
  "lens_e1": -0.04805406928062439,
  "lens_e2": 0.32198581099510193,
  "lens_gamma": 2.595486879348755,
  "lens_gamma1": -0.07852204144001007,
  "lens_gamma2": -0.14267918467521667,
  "light_amp_L": 37.55559158325195,
  "light_Re_L": 2.2192461490631104,
  "light_n_L": 3.9760870933532715,
  "light_e1_L": 0.01603776216506958,
  "light_e2_L": 0.592360258102417,
  "light_amp_S": 1.2327213287353516,
  "light_Re_S": 0.05893763154745102,
  "light_n_S": 1.588351845741272,
  "light_e1_S": -0.7034945487976074,
  "light_e2_S": -0.020123958587646484,
  "src_center_x": 0.05268320068717003,
  "src_center_y": -0.7823073863983154,
  "x_image": [
    -1.333769679069519,
    1.2952651977539062,
    -0.09411834180355072,
    -0.11329063773155212
  ],
  "y_image": [
    0.1193544790148735,
    0.06241108477115631,
    1.238319754600525,
    -1.1877001523971558
  ],
  "ps_amp": [
    521.54345703125,
    471.68212890625,
    451.7901611328125,
    402.661376953125
  ]
}