{
  "lens_center_x": -0.033896297216415405,
  "lens_center_y": 0.02077069878578186,
  "lens_theta_E": 1.2615180015563965,
  "lens_e1": 0.08764082193374634,
  "lens_e2": -0.012972414493560791,
  "lens_gamma": 2.642076015472412,
  "lens_gamma1": 0.10164615511894226,
  "lens_gamma2": -0.007738173007965088,
  "light_amp_L": 78.30365753173828,
  "light_Re_L": 0.828360378742218,
  "light_n_L": 2.5902256965637207,
  "light_e1_L": -0.004758894443511963,
  "light_e2_L": 0.0018123388290405273,
  "light_amp_S": 6.462549209594727,
  "light_Re_S": 1.0390117168426514,
  "light_n_S": 4.149828910827637,
  "light_e1_S": -0.09565544128417969,
  "light_e2_S": 0.014067530632019043,
  "src_center_x": -0.01597956195473671,
  "src_center_y": 0.039938926696777344,
  "x_image": [
    -1.3362531661987305,
    1.2938220500946045,
    -0.08404523879289627,
    -0.11902745068073273
  ],
  "y_image": [
    0.1153668761253357,
    0.07086268812417984,
    1.2433918714523315,
    -1.1958178281784058
  ],
  "ps_amp": [
    420.5755310058594,
    375.57611083984375,
    354.849609375,
    315.0566101074219
  ]
}