{
  "lens_center_x": -0.029476359486579895,
  "lens_center_y": 0.02599981613457203,
  "lens_theta_E": 1.289564847946167,
  "lens_e1": 0.19894000887870789,
  "lens_e2": -0.02328452467918396,
  "lens_gamma": 1.5364906787872314,
  "lens_gamma1": 0.14549973607063293,
  "lens_gamma2": -0.01860135793685913,
  "light_amp_L": 71.01376342773438,
  "light_Re_L": 0.8547108173370361,
  "light_n_L": 2.8435823917388916,
  "light_e1_L": -0.008959531784057617,
  "light_e2_L": -0.029101192951202393,
  "light_amp_S": 2.703355312347412,
  "light_Re_S": 0.7788196206092834,
  "light_n_S": 4.2024946212768555,
  "light_e1_S": -0.08305591344833374,
  "light_e2_S": 0.13866198062896729,
  "src_center_x": -0.029883161187171936,
  "src_center_y": 0.02426077611744404,
  "x_image": [
    -1.336907148361206,
    1.2964768409729004,
    -0.08385185152292252,
    -0.11835795640945435
  ],
  "y_image": [
    0.11647411435842514,
    0.07131845504045486,
    1.2421094179153442,
    -1.1917896270751953
  ],
  "ps_amp": [
    426.94671630859375,
    382.636474609375,
    359.909912109375,
    316.9552001953125
  ]
}