{
  "lens_center_x": -0.03334784880280495,
  "lens_center_y": 0.02208840847015381,
  "lens_theta_E": 1.2606860399246216,
  "lens_e1": 0.07156258821487427,
  "lens_e2": -0.006286323070526123,
  "lens_gamma": 1.3649868965148926,
  "lens_gamma1": 0.08227697014808655,
  "lens_gamma2": -0.006942480802536011,
  "light_amp_L": 58.81391525268555,
  "light_Re_L": 0.9828983545303345,
  "light_n_L": 2.9908506870269775,
  "light_e1_L": 0.03330338001251221,
  "light_e2_L": -0.006854057312011719,
  "light_amp_S": 6.424373149871826,
  "light_Re_S": 0.30427834391593933,
  "light_n_S": 4.279728889465332,
  "light_e1_S": -0.32902809977531433,
  "light_e2_S": 0.05496186017990112,
  "src_center_x": -0.027068831026554108,
  "src_center_y": 0.028134655207395554,
  "x_image": [
    -1.3353160619735718,
    1.2919496297836304,
    -0.08416256308555603,
    -0.11827770620584488
  ],
  "y_image": [
    0.11534936726093292,
    0.07086175680160522,
    1.246543288230896,
    -1.2014663219451904
  ],
  "ps_amp": [
    427.19921875,
    380.9354248046875,
    345.96722412109375,
    307.6761474609375
  ]
}