{
  "lens_center_x": -0.032251305878162384,
  "lens_center_y": 0.01610807329416275,
  "lens_theta_E": 0.8111565113067627,
  "lens_e1": 0.36020711064338684,
  "lens_e2": -0.2534536123275757,
  "lens_gamma": 1.5995137691497803,
  "lens_gamma1": -0.028994470834732056,
  "lens_gamma2": 0.04900363087654114,
  "light_amp_L": 86.56239318847656,
  "light_Re_L": 0.9201947450637817,
  "light_n_L": 1.898622989654541,
  "light_e1_L": -0.07027965784072876,
  "light_e2_L": 0.018875837326049805,
  "light_amp_S": 23.057601928710938,
  "light_Re_S": 1.0953818559646606,
  "light_n_S": 4.028672695159912,
  "light_e1_S": 0.7034668326377869,
  "light_e2_S": -0.4586969316005707,
  "src_center_x": -0.05326402932405472,
  "src_center_y": 0.028828561305999756,
  "x_image": [
    -1.338242769241333,
    1.295512080192566,
    -0.09200340509414673,
    -0.1125975251197815
  ],
  "y_image": [
    0.11608035862445831,
    0.0686437264084816,
    1.244334101676941,
    -1.1966180801391602
  ],
  "ps_amp": [
    460.8470458984375,
    421.60919189453125,
    372.9945068359375,
    325.34771728515625
  ]
}