{
  "lens_center_x": -0.032396916300058365,
  "lens_center_y": 0.015408210456371307,
  "lens_theta_E": 1.2771894931793213,
  "lens_e1": 0.3339386284351349,
  "lens_e2": 0.39842554926872253,
  "lens_gamma": 2.7948498725891113,
  "lens_gamma1": 0.08601751923561096,
  "lens_gamma2": 0.03595125675201416,
  "light_amp_L": 90.45722198486328,
  "light_Re_L": 0.7625516653060913,
  "light_n_L": 2.4602038860321045,
  "light_e1_L": -0.003666520118713379,
  "light_e2_L": 0.01920008659362793,
  "light_amp_S": 8.515429496765137,
  "light_Re_S": 1.1756343841552734,
  "light_n_S": 2.541754961013794,
  "light_e1_S": -0.07363402843475342,
  "light_e2_S": -0.0930173397064209,
  "src_center_x": -0.04026288911700249,
  "src_center_y": 0.07119648158550262,
  "x_image": [
    -1.3376115560531616,
    1.2958325147628784,
    -0.08569817245006561,
    -0.11856643110513687
  ],
  "y_image": [
    0.1153581291437149,
    0.07147733867168427,
    1.2403799295425415,
    -1.194061040878296
  ],
  "ps_amp": [
    447.072265625,
    389.0544738769531,
    370.77294921875,
    324.993408203125
  ]
}