{
  "lens_center_x": -0.03255276754498482,
  "lens_center_y": 0.020641488954424858,
  "lens_theta_E": 0.48294007778167725,
  "lens_e1": -0.27625012397766113,
  "lens_e2": -0.2096499651670456,
  "lens_gamma": 1.3277207612991333,
  "lens_gamma1": 0.16688063740730286,
  "lens_gamma2": -0.19466587901115417,
  "light_amp_L": 89.19029235839844,
  "light_Re_L": 1.0292918682098389,
  "light_n_L": 1.4868415594100952,
  "light_e1_L": 0.007679283618927002,
  "light_e2_L": 0.0036526918411254883,
  "light_amp_S": 0.0010055978782474995,
  "light_Re_S": 1.1308424472808838,
  "light_n_S": 4.418894290924072,
  "light_e1_S": 0.12034255266189575,
  "light_e2_S": 0.6970520615577698,
  "src_center_x": -1.702742099761963,
  "src_center_y": 0.18972256779670715,
  "x_image": [
    -1.3401602506637573,
    1.2966428995132446,
    -0.08873367309570312,
    -0.11938011646270752
  ],
  "y_image": [
    0.11757972091436386,
    0.0680171325802803,
    1.2431012392044067,
    -1.1946393251419067
  ],
  "ps_amp": [
    467.155517578125,
    420.4794616699219,
    396.2841491699219,
    351.4033203125
  ]
}