{
  "lens_center_x": -0.03250442072749138,
  "lens_center_y": 0.020664598792791367,
  "lens_theta_E": 1.4945802688598633,
  "lens_e1": 0.04768943786621094,
  "lens_e2": -0.3938281536102295,
  "lens_gamma": 1.7702763080596924,
  "lens_gamma1": -0.2249872386455536,
  "lens_gamma2": -0.10969798266887665,
  "light_amp_L": 88.955078125,
  "light_Re_L": 1.029268503189087,
  "light_n_L": 1.4946951866149902,
  "light_e1_L": 0.007762610912322998,
  "light_e2_L": 0.0033479928970336914,
  "light_amp_S": 0.028742767870426178,
  "light_Re_S": 0.8823849558830261,
  "light_n_S": 1.2956163883209229,
  "light_e1_S": 0.04022485017776489,
  "light_e2_S": -0.5560511350631714,
  "src_center_x": 0.09875275194644928,
  "src_center_y": 0.07405326515436172,
  "x_image": [
    -1.3401460647583008,
    1.296613335609436,
    -0.08874472230672836,
    -0.11938182264566422
  ],
  "y_image": [
    0.11757881194353104,
    0.06801608949899673,
    1.243073582649231,
    -1.1945945024490356
  ],
  "ps_amp": [
    467.30767822265625,
    420.7381896972656,
    396.47637939453125,
    351.626953125
  ]
}