{
  "lens_center_x": -0.029519351199269295,
  "lens_center_y": 0.025644216686487198,
  "lens_theta_E": 1.275120496749878,
  "lens_e1": 0.34066590666770935,
  "lens_e2": -0.15107356011867523,
  "lens_gamma": 2.7318460941314697,
  "lens_gamma1": 0.02022513747215271,
  "lens_gamma2": -0.029711216688156128,
  "light_amp_L": 78.55406951904297,
  "light_Re_L": 0.8487787246704102,
  "light_n_L": 2.52925181388855,
  "light_e1_L": -0.011928975582122803,
  "light_e2_L": -0.01406162977218628,
  "light_amp_S": 5.621669769287109,
  "light_Re_S": 1.1924588680267334,
  "light_n_S": 4.106792449951172,
  "light_e1_S": 0.13448989391326904,
  "light_e2_S": 0.09382897615432739,
  "src_center_x": -0.04340842738747597,
  "src_center_y": 0.01183925662189722,
  "x_image": [
    -1.3405675888061523,
    1.2998504638671875,
    -0.08268920332193375,
    -0.11848559230566025
  ],
  "y_image": [
    0.11499431729316711,
    0.07303958386182785,
    1.2386618852615356,
    -1.1887487173080444
  ],
  "ps_amp": [
    429.39898681640625,
    383.7786865234375,
    360.07830810546875,
    316.2666320800781
  ]
}